filename,domain,document_type,source_url,why_use_it,recommended_demo_questions
mas-trm-guidelines-2021.pdf,finance_regulatory,regulatory_guideline,https://www.mas.gov.sg/-/media/MAS/Regulations-and-Financial-Stability/Regulatory-and-Supervisory-Framework/Risk-Management/TRM-Guidelines-18-January-2021.pdf,"Technology risk governance/control mapping; control-vs-obligation extraction.","What are the key expectations around technology risk governance?; Who is responsible for technology risk oversight?"
mas-notice-sfa04-n02-2025.pdf,finance_regulatory,regulatory_notice,https://www.mas.gov.sg/-/media/amld-amendments---30-june-2025/mas-notice-sfa04-n02.pdf,"Precise AML/CFT obligation extraction from a binding notice.","What AML/CFT obligations apply to covered institutions?"
guidelines-to-mas-notice-626-2025.pdf,finance_regulatory,regulatory_guidance,https://www.mas.gov.sg/-/media/amld-amendments---30-june-2025/guidelines-to-mas-notice-626.pdf,"Guidance-vs-obligation distinction; risk-based CDD expectations.","What is the difference between an obligation and guidance in MAS Notice 626?"
acra-registrable-controllers-guidance-2025.pdf,kyc,guidance,https://www.acra.gov.sg/regulations/practice-directions-registrars-interpretations-guidance/rorc-rond-rons-guidance/,"Beneficial ownership / KYC extraction (registrable controllers). NOTE: this URL is a landing page, not a direct PDF; download the 'Guidance on Register of Controllers for Companies' v2 (16 Jun 2025) manually. See MANUAL_TASKS.md.","Who qualifies as a registrable controller?; What is the significant-interest threshold?"
dbs-annual-report-2025.pdf,finance,annual_report,https://www.dbs.com/annualreports/2025/i/pdf/dbs-ar-2025.pdf,"Financial table extraction (P&L, balance sheet, governance).","What was DBS net profit in 2025?; Who chairs the board?"
ocbc-annual-report-2025.pdf,finance,annual_report,https://www.ocbc.com/iwov-resources/sg/ocbc/gbc/pdf/investors/annual-reports/2025/2025-annual-report-en.pdf,"Financial statement and governance extraction.","What were OCBC total assets in 2025?; Summarise the dividend."
uob-annual-report-2025.pdf,finance,annual_report,https://links.sgx.com/1.0.0/corporate-announcements/CJ5LTSEV6VGWLF37/878788_UOB%20AR2025.pdf,"Financial table extraction from an SGX-hosted PDF.","What was UOB net interest income in 2025?"
nfip-claims-manual-june-2025.pdf,insurance,claims_manual,https://agents.floodsmart.gov/sites/default/files/media/document/2025-08/fema_nfip-ClaimsManual-June2025-508c.pdf,"Insurance claims workflow extraction; proof-of-loss requirements.","What documentation is required to file a flood claim?; What are the claim time limits?"
sfip-commentary-june-2025.pdf,insurance,policy_commentary,https://agents.floodsmart.gov/sites/default/files/media/document/2025-08/June%202025%20NFIP_SFIP_Commentary%20%28508c%29.pdf,"Policy clause retrieval and coverage interpretation.","Does the SFIP cover damage not caused by flood?; What is a proof of loss?"
